https://github.com/,2023-12-07 22:10:37.105906
https://www.google.com/,2023-12-07 22:10:37.195389
https://www.youtube.com/,2023-12-07 22:10:37.480432
https://bard.google.com/chat,2023-12-07 22:10:37.669642
https://www.instagram.com/explore/?hl=en,2023-12-07 22:10:37.722109
https://github.com/openai,2023-12-07 22:10:38.174228
https://victoria.dev/blog/how-to-send-long-text-input-to-chatgpt-using-the-openai-api/,2023-12-07 22:10:38.183214
https://help.openai.com/en/articles/4936856-what-are-tokens-and-how-to-count-them,2023-12-07 22:10:38.218250
https://0dayreggaedancehall.blogspot.com/,2023-12-07 22:10:38.466680
https://github.com/,2023-12-07 22:18:59.731976
https://www.google.com/,2023-12-07 22:18:59.805286
https://www.youtube.com/,2023-12-07 22:18:59.886191
https://www.instagram.com/explore/?hl=en,2023-12-07 22:19:00.032981
https://0dayreggaedancehall.blogspot.com/,2023-12-07 22:19:00.070534
https://bard.google.com/chat,2023-12-07 22:19:00.308882
https://github.com/openai,2023-12-07 22:19:00.325356
https://victoria.dev/blog/how-to-send-long-text-input-to-chatgpt-using-the-openai-api/,2023-12-07 22:19:00.535389
https://help.openai.com/en/articles/4936856-what-are-tokens-and-how-to-count-them,2023-12-07 22:19:00.726806
https://github.com/,2023-12-07 22:34:06.087534
https://www.google.com/,2023-12-07 22:34:06.133566
https://www.youtube.com/,2023-12-07 22:34:06.345858
https://bard.google.com/chat,2023-12-07 22:34:06.366162
https://www.instagram.com/explore/?hl=en,2023-12-07 22:34:06.413559
https://0dayreggaedancehall.blogspot.com/,2023-12-07 22:34:06.555293
https://github.com/openai,2023-12-07 22:34:06.571037
https://help.openai.com/en/articles/4936856-what-are-tokens-and-how-to-count-them,2023-12-07 22:34:07.285250
https://victoria.dev/blog/how-to-send-long-text-input-to-chatgpt-using-the-openai-api/,2023-12-07 22:34:07.839953
https://github.com/,2023-12-07 22:50:51.365320
https://www.google.com/,2023-12-07 22:50:51.425312
https://www.youtube.com/,2023-12-07 22:50:52.399634
https://www.instagram.com/explore/?hl=en,2023-12-07 22:50:52.914223
https://bard.google.com/chat,2023-12-07 22:50:53.929842
https://help.openai.com/en/articles/4936856-what-are-tokens-and-how-to-count-them,2023-12-07 22:50:54.065714
https://github.com/openai,2023-12-07 22:50:54.342370
https://0dayreggaedancehall.blogspot.com/,2023-12-07 22:50:54.393317
https://victoria.dev/blog/how-to-send-long-text-input-to-chatgpt-using-the-openai-api/,2023-12-07 22:50:54.474560
